12.09.2018;12.09.2018;12.09.2018;12.09.2018;12.10.2018;12.10.2018;12.10.2018;12.10.2018;12.11.2018;12.11.2018;12.11.2018;12.11.2018;12.12.2018;12.12.2018;12.12.2018;12.12.2018
<OPEN>;<HIGH>;<LOW>;<CLOSE>;<OPEN>;<HIGH>;<LOW>;<CLOSE>;<OPEN>;<HIGH>;<LOW>;<CLOSE>;<OPEN>;<HIGH>;<LOW>;<CLOSE>
104910;105080;104750;104840;113030;114060;113030;113820;111190;112360;111190;112330;112800;113480;112800;113220
104750;104800;104750;104760;113830;114030;113830;113990;112320;112520;112290;112300;113220;113350;113200;113300
104840;104930;104840;104890;113990;114040;113900;113910;112300;112450;112290;112310;113300;113480;113220;113240
104860;104870;104800;104800;113920;113980;113840;113880;112300;112390;112290;112390;113230;113290;113160;113210
104830;104860;104820;104860;113880;113900;113790;113850;112400;112450;112380;112420;113200;113290;113170;113260
104880;104880;104760;104760;113860;113940;113840;113890;112430;112460;112370;112450;113270;113290;113170;113250
104760;104800;104760;104790;113890;113970;113840;113870;112450;112600;112410;112590;113260;113270;113200;113220
104830;104890;104830;104890;113870;113960;113860;113950;112590;112620;112520;112530;113240;113280;113210;113230
104850;104850;104850;104850;113940;113940;113880;113890;112540;112590;112490;112500;113230;113230;113120;113150
104880;104890;104800;104820;113900;113900;113790;113890;112500;112530;112390;112470;113160;113280;113140;113220
104870;104880;104870;104880;113900;113920;113820;113860;112480;112500;112410;112490;113230;113250;113210;113250
104890;104890;104890;104890;113850;113920;113850;113890;112490;112520;112440;112470;113250;113260;113200;113220
104880;104900;104880;104900;113890;113920;113850;113890;112470;112540;112460;112540;113210;113230;113190;113200
104950;105050;104950;105030;113900;113930;113850;113890;112530;112610;112530;112600;113190;113280;113190;113270
105030;105030;105030;105030;113900;113960;113890;113950;112610;112680;112570;112580;113270;113280;113230;113250
105050;105140;105050;105120;113950;114000;113900;113950;112580;112640;112520;112610;113270;113270;113220;113220
105100;105260;105100;105260;113950;113960;113880;113880;112620;112680;112580;112650;113210;113210;113050;113100
105280;105290;105230;105290;113890;113890;113730;113770;112650;112730;112620;112670;113100;113100;113030;113040
105300;105350;105300;105310;113770;113800;113720;113800;112680;112680;112610;112620;113030;113150;113010;113110
105280;105340;105280;105340;113790;113860;113740;113850;112630;112670;112610;112670;113120;113120;112990;113040
105330;105340;105290;105320;113850;114080;113850;114070;112670;112700;112660;112670;113040;113040;112920;113040
105260;105270;105240;105240;114070;114150;113990;113990;112680;112730;112650;112660;113050;113080;113000;113040
105250;105270;105230;105230;114000;114030;113940;113950;112650;112680;112600;112610;113050;113060;113000;113010
105220;105240;105220;105220;113940;113970;113870;113880;112610;112630;112540;112570;113000;113010;112930;112960
105200;105200;105180;105180;113880;113950;113840;113860;112560;112580;112540;112560;112980;113010;112950;112960
105250;105270;105240;105270;113860;113920;113820;113830;112570;112590;112490;112490;112960;112980;112820;112910
105270;105270;105200;105210;113840;113870;113810;113840;112490;112540;112420;112420;112910;112940;112840;112910
105220;105220;105170;105170;113830;113970;113830;113910;112440;112470;112410;112460;112920;112980;112920;112960
105190;105210;105180;105210;113920;114010;113920;114010;112460;112540;112450;112510;112960;112960;112740;112840
105220;105240;105220;105240;114020;114040;113920;113980;112500;112530;112490;112500;112850;112850;112790;112830
105280;105300;105270;105270;114000;114000;113840;113940;112500;112560;112470;112470;112820;112820;112580;112670
105270;105270;105170;105220;113940;113940;113830;113830;112470;112480;112440;112450;112660;112710;112650;112700
105240;105240;105150;105150;113820;113860;113770;113800;112460;112490;112450;112480;112690;112700;112570;112620
105150;105180;105150;105160;113800;113850;113750;113790;112470;112530;112470;112500;112630;112700;112620;112700
105160;105160;105160;105160;113810;113840;113750;113800;112500;112550;112490;112540;112700;112720;112620;112670
105200;105200;105200;105200;113800;113850;113750;113790;112540;112630;112510;112610;112670;112690;112610;112650
105190;105190;105120;105120;113790;113810;113670;113750;112610;112660;112600;112620;112650;112700;112620;112670
105140;105150;105130;105140;113740;113830;113710;113800;112620;112620;112570;112590;112680;112680;112590;112610
105180;105190;105170;105190;113800;113840;113770;113810;112590;112610;112550;112550;112600;112610;112410;112450
105180;105180;105160;105160;113810;113860;113750;113760;112550;112570;112510;112510;112450;112480;112420;112420
105190;105290;105190;105290;113760;113890;113750;113840;112520;112520;112460;112490;112420;112510;112420;112450
105300;105300;105230;105230;113840;113910;113810;113910;112490;112580;112490;112550;112460;112460;112260;112290
105230;105230;105230;105230;113910;113950;113900;113940;112550;112570;112520;112520;112280;112330;112270;112300
105230;105230;105190;105190;113940;113980;113870;113880;112530;112530;112490;112490;112290;112320;112260;112280
105190;105190;105190;105190;113890;114020;113890;113980;112500;112560;112490;112560;112280;112310;112260;112300
105210;105240;105210;105240;114000;114070;113950;113960;112550;112610;112500;112530;112290;112380;112270;112380
105260;105260;105240;105240;113960;114070;113950;114030;112530;112530;112450;112450;112380;112400;112370;112390
105270;105340;105270;105340;114020;114090;113980;113980;112460;112490;112450;112460;112390;112460;112390;112450
105350;105390;105330;105330;113980;114010;113940;113960;112470;112500;112470;112500;112450;112460;112380;112400
105290;105290;105270;105270;113980;114140;113970;114110;112500;112520;112470;112480;112390;112500;112380;112480
105270;105280;105260;105260;114100;114220;114070;114160;112500;112500;112450;112460;112480;112500;112430;112490
105300;105300;105280;105280;114160;114180;114080;114110;112460;112490;112460;112460;112480;112550;112410;112420
105300;105300;105300;105300;114110;114140;114070;114120;112450;112480;112430;112460;112410;112450;112390;112440
105290;105290;105290;105290;114110;114200;114080;114170;112450;112450;112420;112440;112420;112470;112400;112410
105320;105340;105260;105260;114170;114230;114140;114190;112440;112470;112420;112430;112410;112440;112350;112360
105240;105240;105240;105240;114180;114190;114120;114140;112440;112460;112370;112440;112360;112370;112230;112280
105240;105280;105240;105280;114130;114170;114030;114050;112430;112500;112400;112480;112290;112340;112260;112310
105240;105240;105220;105220;114050;114120;114040;114090;112490;112530;112450;112500;112310;112330;112270;112310
105280;105290;105280;105290;114080;114090;114000;114010;112510;112530;112470;112480;112320;112370;112320;112360
105260;105330;105260;105280;114000;114160;114000;114100;112480;112490;112440;112470;112360;112400;112320;112340
105270;105300;105270;105300;114100;114130;113970;113980;112460;112480;112390;112410;112340;112480;112270;112430
105300;105300;105240;105240;113980;114060;113980;114010;112400;112450;112380;112430;112430;112450;112380;112420
105240;105270;105240;105240;114020;114020;113960;114020;112440;112550;112430;112550;112440;112490;112400;112450
105280;105280;105270;105270;114000;114070;113960;114020;112550;112640;112500;112630;112440;112480;112410;112450
105300;105300;105280;105280;114020;114080;114010;114010;112620;112650;112560;112620;112470;112530;112440;112520
105290;105340;105280;105340;114030;114040;113950;113970;112600;112650;112560;112600;112510;112510;112350;112390
105300;105370;105300;105370;113980;113990;113920;113940;112600;112680;112570;112580;112390;112400;112350;112360
105350;105380;105340;105350;113940;114000;113920;113990;112580;112620;112530;112590;112350;112390;112320;112360
105390;105400;105370;105370;113990;114000;113970;113990;112590;112630;112550;112560;112370;112440;112360;112400
105410;105410;105390;105390;113980;114050;113980;114050;112570;112620;112550;112570;112410;112420;112340;112380
105380;105380;105370;105370;114040;114050;113940;113970;112560;112600;112560;112580;112390;112410;112330;112350
105340;105340;105340;105340;113980;114020;113940;114010;112590;112660;112580;112660;112350;112360;112320;112330
105300;105310;105300;105310;114010;114080;114010;114030;112650;112670;112630;112630;112330;112380;112320;112380
105320;105320;105320;105320;114040;114070;114030;114070;112630;112700;112630;112700;112380;112390;112360;112370
105330;105330;105330;105330;114060;114090;114020;114090;112700;112710;112620;112620;112360;112360;112290;112310
105320;105320;105310;105320;114090;114180;114070;114140;112620;112680;112620;112670;112310;112390;112290;112340
105360;105400;105360;105400;114140;114180;114040;114050;112670;112680;112590;112620;112350;112430;112330;112330
105430;105480;105430;105450;114050;114080;113880;113890;112600;112640;112590;112610;112340;112410;112320;112410
105410;105420;105380;105380;113890;113940;113880;113910;112620;112620;112470;112480;112400;112420;112380;112420
105400;105400;105390;105390;113890;113920;113840;113870;112470;112500;112430;112450;112410;112470;112400;112460
105390;105390;105390;105390;113870;113900;113810;113860;112460;112510;112450;112470;112460;112510;112450;112500
105370;105390;105350;105390;113840;113900;113840;113900;112460;112540;112450;112530;112500;112580;112490;112540
105400;105420;105400;105420;113900;113920;113720;113770;112520;112520;112450;112450;112520;112520;112350;112360
105410;105450;105410;105440;113760;113800;113750;113760;112440;112450;112350;112420;112370;112440;112360;112400
105440;105470;105430;105450;113770;113810;113740;113790;112410;112540;112410;112500;112400;112460;112400;112410
105450;105450;105420;105420;113790;113870;113760;113810;112510;112510;112420;112440;112420;112450;112350;112370
105420;105480;105420;105460;113800;113840;113800;113810;112450;112520;112450;112470;112370;112390;112320;112330
105490;105490;105470;105470;113810;113850;113780;113830;112470;112470;112330;112400;112340;112460;112340;112410
105450;105460;105430;105430;113840;113940;113830;113900;112390;112400;112260;112280;112400;112430;112370;112370
105430;105440;105390;105390;113900;114100;113890;114090;112280;112330;112280;112300;112400;112410;112330;112330
105400;105400;105400;105400;114100;114100;113980;114020;112290;112290;112220;112290;112350;112370;112310;112340
105390;105410;105390;105410;114010;114080;113990;114020;112280;112330;112240;112270;112340;112360;112300;112340
105420;105420;105420;105420;114020;114090;114010;114090;112260;112360;112240;112330;112340;112400;112340;112400
105420;105430;105410;105430;114090;114100;114030;114060;112340;112350;112260;112280;112400;112440;112390;112430
105450;105470;105420;105420;114060;114150;114030;114100;112280;112350;112270;112340;112420;112430;112350;112380
105400;105400;105360;105360;114100;114160;114100;114140;112340;112400;112330;112330;112390;112400;112270;112310
105340;105340;105270;105280;114150;114190;114130;114150;112330;112370;112290;112350;112300;112310;112260;112260
105270;105290;105250;105280;114130;114160;114080;114100;112330;112340;112270;112320;112260;112290;112090;112090
105270;105290;105230;105230;114100;114150;114080;114120;112310;112340;112310;112330;112090;112110;112040;112050
105260;105280;105260;105280;114110;114160;114110;114110;112330;112370;112310;112360;112050;112070;111960;111960
105290;105290;105260;105260;114100;114200;114100;114180;112370;112370;112300;112340;111960;111990;111940;111950
105280;105280;105260;105270;114180;114330;114120;114250;112320;112390;112310;112390;111960;112000;111950;111980
105280;105300;105280;105300;114270;114290;114210;114210;112380;112490;112370;112420;111970;111990;111950;111960
105280;105290;105280;105290;114210;114260;114130;114170;112420;112460;112400;112420;111960;111960;111820;111860
105290;105290;105240;105260;114170;114290;114170;114290;112410;112430;112370;112390;111850;111880;111800;111880
105240;105250;105230;105250;114300;114420;114300;114340;112390;112420;112380;112420;111870;112010;111860;111990
105260;105300;105260;105290;114350;114400;114320;114320;112420;112490;112420;112470;112010;112050;111980;112030
105310;105350;105310;105340;114320;114420;114290;114310;112480;112580;112460;112510;112030;112070;112020;112070
105320;105320;105320;105320;114330;114330;114270;114280;112510;112520;112470;112470;112070;112140;112060;112090
105330;105330;105320;105320;114300;114310;114270;114290;112480;112530;112480;112490;112090;112140;112080;112100
105320;105340;105320;105340;114290;114300;114230;114250;112500;112510;112430;112430;112110;112140;112070;112070
105370;105380;105350;105350;114250;114320;114250;114300;112430;112450;112330;112350;112080;112080;111990;112010
105320;105320;105320;105320;114310;114360;114280;114330;112350;112480;112350;112450;112000;112090;111990;112060
105300;105330;105300;105320;114330;114330;114250;114260;112450;112460;112390;112390;112070;112070;112030;112030
105350;105350;105340;105340;114260;114310;114240;114250;112390;112540;112380;112520;112040;112070;112020;112030
105320;105320;105300;105300;114260;114290;114230;114240;112520;112550;112480;112510;112040;112040;111920;111960
105310;105310;105290;105290;114250;114290;114230;114240;112510;112560;112470;112470;111960;112010;111930;111940
105300;105310;105300;105310;114240;114340;114230;114340;112460;112510;112390;112410;111950;111990;111940;111990
105270;105270;105200;105230;114340;114340;114270;114280;112410;112460;112400;112410;111990;112000;111920;111930
105250;105250;105240;105250;114270;114300;114270;114300;112430;112450;112390;112430;111940;112000;111910;111970
105200;105200;105130;105160;114290;114330;114270;114270;112420;112550;112420;112510;111960;112040;111950;112040
105140;105140;105030;105030;114270;114310;114220;114280;112520;112560;112520;112540;112040;112100;112020;112080
105050;105060;105000;105010;114280;114400;114280;114360;112530;112560;112500;112500;112080;112130;112070;112120
105030;105060;105020;105050;114360;114460;114350;114420;112500;112510;112450;112480;112120;112150;112030;112060
105030;105040;105010;105030;114430;114470;114370;114410;112480;112510;112470;112480;112050;112110;112050;112110
105040;105070;105040;105050;114420;114430;114400;114410;112470;112500;112420;112420;112090;112150;112080;112140
105070;105070;105070;105070;114420;114470;114390;114460;112420;112480;112420;112460;112150;112250;112150;112150
105070;105070;105070;105070;114460;114470;114410;114420;112460;112490;112370;112390;112170;112280;112150;112280
105070;105070;105060;105060;114410;114430;114310;114340;112390;112450;112370;112440;112280;112390;112260;112370
105050;105050;104980;104980;114330;114350;114200;114230;112430;112450;112400;112400;112390;112390;112310;112310
104980;105020;104980;105020;114230;114240;114130;114180;112390;112440;112350;112400;112310;112330;112260;112280
105040;105040;105040;105040;114170;114210;114150;114210;112390;112390;112340;112350;112270;112340;112220;112330
105030;105030;104990;104990;114210;114320;114200;114320;112340;112350;112270;112320;112330;112420;112310;112400
104970;104970;104950;104970;114320;114320;114240;114290;112340;112370;112250;112280;112390;112440;112370;112390
104970;104980;104970;104980;114280;114320;114260;114300;112270;112330;112270;112310;112390;112410;112360;112360
104970;104970;104970;104970;114320;114360;114270;114350;112310;112340;112270;112290;112370;112380;112330;112380
104940;104950;104930;104930;114350;114360;114310;114320;112300;112320;112250;112290;112380;112380;112320;112350
104930;104960;104930;104940;114320;114350;114280;114290;112280;112330;112260;112330;112340;112340;112290;112310
104950;105000;104950;105000;114280;114290;114220;114250;112320;112350;112290;112290;112320;112320;112220;112300
104930;104930;104800;104840;114250;114280;114180;114190;112290;112350;112280;112340;112300;112390;112290;112330
104850;104880;104850;104880;114200;114230;114160;114170;112330;112360;112310;112360;112320;112350;112270;112270
104890;104900;104840;104840;114180;114220;114140;114150;112360;112360;112300;112330;112270;112320;112260;112320
104840;104880;104840;104870;114150;114270;114150;114260;112330;112400;112320;112370;112310;112330;112260;112300
104900;104920;104880;104880;114280;114340;114280;114300;112380;112400;112350;112370;112300;112300;112230;112260
104880;104890;104880;104890;114290;114350;114290;114320;112360;112380;112350;112380;112260;112340;112260;112340
104920;104950;104920;104950;114320;114450;114310;114430;112380;112400;112370;112370;112330;112350;112240;112330
104960;104970;104950;104960;114430;114440;114370;114380;112370;112370;112310;112330;112330;112480;112330;112420
104950;104960;104940;104960;114390;114390;114330;114360;112340;112350;112280;112290;112420;112460;112410;112450
105000;105000;105000;105000;114370;114410;114350;114380;112280;112280;112210;112270;112450;112550;112440;112510
105010;105010;104990;104990;114380;114480;114380;114440;112270;112290;112150;112180;112510;112610;112480;112530
105040;105040;105030;105030;114450;114650;114410;114610;112190;112200;112100;112120;112530;112570;112510;112550
105000;105000;105000;105000;114620;114680;114580;114630;112130;112200;112120;112200;112540;112630;112500;112600
104980;104980;104940;104940;114630;114700;114630;114690;112200;112220;112130;112150;112600;112660;112590;112610
104930;104930;104900;104900;114690;114720;114630;114700;112150;112220;112150;112160;112600;112630;112580;112600
104900;104950;104900;104950;114700;114730;114670;114730;112180;112220;112160;112180;112610;112650;112540;112550
104970;104980;104960;104980;114730;114740;114680;114680;112170;112200;112150;112180;112550;112580;112530;112570
104990;104990;104920;104940;114680;114690;114660;114670;112190;112230;112170;112170;112580;112610;112570;112600
104960;104960;104960;104960;114670;114710;114660;114680;112180;112200;112170;112200;112600;112640;112560;112610
104970;104970;104970;104970;114670;114690;114660;114670;112190;112250;112190;112240;112620;112650;112570;112610
104990;104990;104990;104990;114680;114740;114680;114700;112250;112250;112170;112190;112610;112710;112610;112700
104950;104970;104940;104970;114710;114830;114700;114810;112200;112230;112180;112200;112710;112750;112650;112720
105000;105030;105000;105030;114820;114840;114670;114680;112210;112300;112210;112300;112710;112780;112700;112760
105050;105100;105050;105080;114680;114750;114650;114690;112300;112320;112260;112260;112760;112820;112750;112770
105060;105060;105030;105030;114700;114700;114660;114690;112260;112300;112260;112280;112780;112790;112700;112700
105030;105040;105030;105040;114690;114730;114610;114650;112280;112300;112260;112260;112720;112760;112720;112750
105040;105040;105040;105040;114650;114660;114600;114630;112270;112330;112270;112300;112760;112780;112690;112700
105010;105040;105010;105040;114610;114690;114610;114660;112310;112470;112310;112470;112700;112710;112650;112690
105010;105010;104950;104990;114650;114700;114590;114640;112470;112490;112430;112450;112680;112740;112680;112740
105070;105140;105070;105140;114650;114660;114600;114620;112450;112540;112450;112540;112730;112960;112730;112860
105150;105220;105150;105160;114620;114650;114600;114610;112540;112560;112450;112470;112860;112900;112830;112850
105170;105340;105170;105220;114630;114670;114610;114640;112470;112480;112430;112460;112850;112920;112800;112840
105330;105430;105330;105390;114650;114670;114610;114610;112450;112500;112450;112480;112820;112850;112820;112850
105440;105580;105440;105520;114630;114630;114570;114600;112460;112490;112440;112470;112850;112920;112830;112870
105540;105540;105500;105500;114600;114630;114590;114600;112470;112480;112420;112460;112870;112880;112820;112820
105500;105510;105490;105490;114610;114620;114580;114590;112470;112480;112390;112420;112830;112840;112810;112830
105500;105730;105500;105700;114590;114610;114570;114580;112430;112470;112400;112470;112830;112880;112830;112850
105680;105680;105590;105620;114570;114680;114570;114630;112460;112520;112440;112520;112850;112850;112740;112760
105630;105630;105610;105610;114650;114660;114620;114640;112510;112540;112490;112490;112770;112780;112650;112670
105610;105610;105580;105580;114640;114700;114630;114650;112490;112500;112430;112430;112680;112750;112670;112730
105580;105630;105580;105630;114660;114730;114660;114700;112430;112450;112400;112400;112730;112740;112650;112650
105560;105570;105560;105560;114690;114720;114650;114660;112410;112460;112410;112420;112650;112660;112590;112600
105550;105550;105530;105530;114680;114680;114620;114630;112430;112460;112370;112390;112600;112640;112570;112620
105510;105520;105510;105520;114640;114640;114510;114520;112380;112450;112380;112410;112630;112660;112600;112610
105510;105530;105510;105530;114520;114530;114430;114490;112420;112500;112410;112500;112600;112610;112550;112580
105530;105550;105530;105550;114490;114500;114440;114460;112500;112530;112460;112490;112580;112640;112560;112620
105570;105570;105500;105530;114460;114540;114420;114540;112480;112580;112480;112500;112610;112660;112610;112640
105510;105510;105500;105500;114530;114530;114500;114520;112510;112520;112460;112480;112630;112690;112620;112620
105480;105500;105480;105500;114520;114540;114490;114490;112490;112500;112430;112440;112630;112680;112620;112670
105480;105480;105440;105440;114490;114490;114460;114460;112440;112450;112380;112390;112660;112680;112600;112630
105460;105480;105460;105480;114470;114530;114460;114510;112390;112420;112370;112410;112630;112660;112600;112640
105470;105490;105460;105490;114530;114550;114510;114520;112410;112410;112320;112350;112630;112680;112620;112680
105480;105480;105420;105420;114520;114610;114510;114610;112350;112380;112300;112300;112680;112750;112670;112720
105460;105490;105460;105490;114610;114610;114540;114550;112320;112340;112280;112300;112730;112810;112720;112770
105500;105500;105500;105500;114530;114590;114500;114590;112310;112340;112290;112300;112770;112770;112700;112700
105500;105500;105500;105500;114600;114600;114490;114510;112290;112320;112280;112300;112700;112730;112680;112680
105510;105550;105510;105550;114490;114520;114420;114420;112300;112360;112300;112360;112690;112750;112660;112750
105580;105590;105570;105570;114430;114490;114410;114470;112350;112390;112350;112380;112750;112760;112660;112660
105590;105610;105590;105600;114470;114500;114450;114460;112380;112390;112360;112370;112660;112660;112560;112610
105610;105610;105570;105590;114450;114450;114400;114400;112370;112380;112330;112370;112600;112640;112600;112620
105590;105610;105590;105610;114400;114450;114390;114430;112350;112350;112280;112350;112630;112640;112580;112580
105550;105550;105550;105550;114450;114460;114320;114370;112340;112390;112340;112350;112580;112610;112570;112610
105540;105540;105540;105540;114360;114400;114320;114390;112360;112460;112350;112410;112610;112610;112580;112580
105470;105470;105440;105440;114370;114380;114330;114380;112420;112420;112360;112370;112580;112580;112510;112550
105450;105450;105450;105450;114390;114440;114390;114420;112390;112400;112350;112360;112560;112610;112560;112590
105420;105450;105400;105400;114400;114440;114340;114430;112370;112390;112360;112390;112590;112590;112520;112550
105390;105390;105380;105380;114400;114440;114390;114420;112390;112420;112370;112380;112540;112540;112500;112510
105350;105370;105350;105370;114430;114530;114430;114470;112390;112410;112380;112410;112520;112540;112470;112500
105430;105430;105430;105430;114480;114480;114410;114430;112390;112420;112330;112340;112500;112570;112490;112510
105460;105460;105410;105410;114430;114430;114320;114360;112340;112360;112320;112350;112520;112550;112470;112470
105400;105400;105360;105360;114370;114480;114360;114480;112340;112380;112340;112350;112470;112510;112380;112410
105350;105350;105350;105350;114480;114500;114390;114410;112360;112400;112350;112400;112400;112490;112360;112480
105370;105370;105350;105360;114420;114430;114390;114410;112390;112410;112390;112390;112480;112610;112470;112590
105360;105360;105360;105360;114410;114430;114350;114350;112380;112390;112330;112330;112610;112640;112550;112580
105380;105390;105380;105390;114360;114380;114320;114340;112320;112370;112320;112340;112590;112620;112570;112600
105390;105390;105390;105390;114330;114400;114320;114340;112350;112360;112300;112310;112600;112670;112580;112660
105390;105390;105390;105390;114330;114350;114250;114290;112310;112350;112310;112350;112660;112740;112660;112730
105350;105370;105350;105370;114300;114330;114280;114300;112350;112370;112340;112340;112730;112740;112670;112690
105360;105360;105320;105320;114300;114330;114280;114320;112340;112380;112340;112380;112700;112710;112650;112660
105340;105360;105340;105350;114320;114390;114320;114360;112380;112390;112380;112390;112670;112750;112660;112720
105380;105400;105380;105400;114380;114390;114360;114390;112390;112390;112340;112360;112710;112730;112640;112660
105380;105400;105380;105400;114370;114440;114360;114440;112350;112370;112330;112330;112650;112700;112630;112640
105380;105410;105380;105410;114430;114490;114390;114450;112340;112340;112300;112300;112660;112700;112640;112670
105380;105380;105380;105380;114460;114480;114430;114440;112320;112350;112310;112350;112680;112790;112650;112790
105380;105390;105370;105370;114450;114490;114450;114480;112350;112380;112350;112380;112790;112810;112750;112810
105410;105430;105410;105430;114490;114580;114460;114580;112380;112410;112370;112380;112810;112820;112770;112810
105420;105420;105380;105420;114580;114610;114540;114580;112400;112410;112370;112370;112810;112830;112790;112800
105360;105360;105360;105360;114590;114640;114580;114620;112370;112420;112370;112410;112800;112810;112780;112780
105330;105340;105270;105270;114640;114650;114520;114520;112410;112430;112390;112390;112800;112820;112780;112800
105270;105300;105270;105300;114530;114720;114520;114710;112380;112400;112340;112350;112800;112810;112760;112790
105290;105290;105220;105260;114710;114720;114620;114680;112350;112360;112320;112350;112790;112820;112770;112780
105250;105250;105160;105170;114690;114730;114670;114710;112340;112350;112300;112350;112770;112800;112730;112730
105160;105200;105160;105160;114710;114720;114640;114690;112330;112340;112310;112320;112730;112740;112690;112720
105180;105190;105180;105190;114690;114690;114640;114650;112320;112340;112240;112260;112710;112740;112690;112710
105140;105180;105110;105180;114650;114680;114640;114680;112260;112340;112250;112320;112700;112730;112690;112720
105140;105140;105140;105140;114680;114700;114660;114660;112330;112340;112290;112290;112710;112740;112710;112730
105200;105200;105200;105200;114660;114680;114650;114680;112280;112350;112280;112280;112720;112740;112670;112680
105280;105350;105280;105330;114680;114720;114660;114680;112280;112300;112250;112260;112690;112690;112640;112680
105350;105350;105330;105330;114680;114690;114650;114660;112280;112290;112260;112290;112680;112680;112630;112630
105290;105310;105290;105310;114660;114670;114630;114650;112280;112290;112240;112250;112640;112700;112630;112680
105340;105340;105340;105340;114650;114680;114610;114640;112250;112250;112210;112210;112690;112790;112650;112770
105330;105490;105330;105490;114650;114800;114620;114690;112210;112220;112150;112180;112770;112830;112700;112700
105500;105500;105470;105480;114700;114730;114660;114660;112170;112220;112120;112140;112710;112830;112700;112760
105510;105510;105450;105450;114660;114720;114650;114710;112150;112150;112050;112110;112760;112770;112680;112720
105450;105490;105450;105490;114690;114720;114680;114700;112110;112120;112050;112080;112720;112720;112640;112650
105490;105530;105490;105520;114680;114680;114580;114590;112080;112100;111990;112000;112650;112690;112640;112670
105550;105610;105550;105610;114600;114600;114540;114580;112010;112030;111950;111970;112680;112680;112600;112630
105620;105660;105620;105620;114580;114580;114480;114480;111960;111990;111940;111940;112620;112680;112580;112580
105650;105810;105650;105760;114480;114540;114470;114490;111930;111980;111880;111970;112600;112670;112590;112670
105810;105810;105730;105730;114500;114610;114500;114610;111970;111970;111910;111910;112670;112750;112620;112720
105710;105710;105670;105680;114600;114610;114570;114580;111910;111910;111860;111880;112720;112760;112700;112760
105680;105680;105680;105680;114580;114610;114580;114580;111890;111930;111830;111900;112750;112760;112670;112730
105670;105670;105660;105670;114570;114580;114530;114560;111920;111920;111870;111910;112730;112750;112720;112750
105680;105700;105650;105700;114570;114650;114560;114640;111900;111910;111870;111900;112740;112760;112710;112710
105700;105700;105690;105690;114640;114650;114630;114640;111890;111960;111880;111960;112710;112720;112650;112660
105720;105740;105680;105680;114650;114720;114650;114710;111960;111970;111900;111950;112660;112660;112630;112650
105660;105660;105610;105650;114700;114710;114640;114650;111940;111980;111910;111950;112650;112650;112560;112580
105660;105660;105610;105610;114650;114710;114640;114710;111960;111970;111930;111940;112590;112640;112550;112640
105620;105620;105580;105610;114700;114700;114670;114670;111940;111940;111890;111900;112640;112670;112630;112640
105620;105650;105610;105650;114670;114730;114670;114710;111900;112010;111890;112010;112650;112680;112610;112680
105650;105650;105650;105650;114700;114720;114660;114680;112000;112010;111950;111970;112680;112720;112650;112690
105660;105660;105660;105660;114670;114690;114640;114670;111970;112000;111960;111970;112680;112700;112650;112680
105690;105710;105660;105660;114680;114690;114620;114660;111980;112010;111980;112010;112690;112710;112670;112690
105640;105710;105640;105710;114650;114660;114560;114570;112010;112050;112000;112040;112700;112720;112680;112700
105630;105650;105620;105650;114580;114670;114570;114640;112020;112040;111990;112040;112700;112710;112640;112670
105680;105700;105670;105700;114640;114650;114610;114620;112030;112070;112010;112010;112670;112720;112650;112720
105700;105710;105700;105710;114620;114630;114550;114580;112010;112090;112000;112070;112710;112800;112710;112770
105660;105690;105660;105670;114580;114600;114550;114600;112080;112120;112070;112100;112780;112890;112770;112880
105690;105740;105680;105740;114580;114600;114570;114580;112090;112110;112050;112050;112860;112940;112860;112930
105700;105740;105700;105740;114590;114600;114580;114590;112050;112130;112050;112110;112930;112930;112860;112880
105750;105760;105710;105710;114590;114590;114440;114460;112130;112150;112110;112140;112880;112890;112810;112810
105760;105760;105690;105690;114470;114490;114430;114450;112140;112160;112090;112110;112830;112880;112780;112820
105750;105750;105740;105740;114450;114490;114420;114470;112100;112110;112060;112070;112820;112830;112810;112830
105740;105750;105740;105750;114480;114490;114440;114460;112090;112120;112070;112110;112830;112860;112810;112840
105760;105790;105760;105790;114460;114470;114440;114450;112110;112130;112100;112110;112850;112890;112820;112820
105790;105790;105750;105760;114450;114480;114400;114410;112100;112130;112100;112110;112850;112870;112820;112840
105790;105810;105780;105800;114410;114430;114380;114420;112110;112130;112070;112100;112830;112870;112830;112860
105750;105750;105750;105750;114430;114440;114380;114400;112100;112110;112090;112090;112860;112860;112790;112790
105800;105920;105800;105920;114390;114450;114390;114430;112080;112080;112050;112070;112790;112790;112710;112730
105910;106000;105910;105930;114440;114510;114420;114500;112050;112060;112020;112030;112740;112770;112730;112770
105920;105920;105870;105890;114500;114500;114460;114460;112030;112060;112020;112030;112750;112780;112750;112760
105870;105870;105800;105800;114460;114480;114440;114480;112030;112120;112030;112090;112760;112770;112560;112630
105800;105800;105750;105800;114470;114560;114470;114530;112080;112090;112060;112060;112620;112690;112580;112660
105800;105800;105790;105790;114520;114570;114520;114570;112070;112070;112010;112050;112650;112660;112580;112620
105820;105820;105810;105810;114570;114670;114570;114670;112050;112050;111940;111990;112610;112670;112610;112650
105800;105800;105800;105800;114680;114680;114620;114620;111980;112020;111950;112010;112640;112660;112590;112620
105780;105780;105780;105780;114630;114640;114590;114620;112000;112040;111990;112030;112630;112690;112630;112680
105770;105770;105770;105770;114630;114660;114610;114620;112040;112060;112010;112010;112670;112710;112670;112690
105770;105770;105740;105740;114610;114610;114580;114580;112020;112040;112000;112020;112690;112690;112620;112660
105740;105780;105740;105760;114580;114590;114510;114530;112030;112040;112020;112030;112660;112680;112620;112620
105760;105800;105740;105800;114520;114530;114480;114490;112040;112040;111980;112010;112620;112640;112610;112630
105760;105770;105730;105740;114490;114490;114400;114410;112000;112030;112000;112020;112640;112670;112590;112600
105720;105730;105720;105730;114420;114420;114290;114410;112030;112040;112020;112020;112590;112600;112570;112580
105710;105720;105710;105720;114410;114500;114400;114480;112020;112020;111940;112000;112580;112580;112500;112520
105720;105720;105720;105720;114470;114540;114440;114530;112000;112000;111970;112000;112530;112600;112530;112580
105710;105710;105680;105690;114530;114560;114500;114550;112000;112010;111980;112000;112580;112620;112540;112570
105690;105690;105690;105690;114550;114590;114480;114480;112010;112080;112010;112070;112580;112650;112580;112640
105700;105700;105630;105650;114480;114490;114450;114470;112080;112080;112020;112060;112650;112660;112640;112650
105690;105730;105660;105660;114470;114580;114460;114580;112060;112080;111980;112020;112650;112670;112630;112640
105660;105680;105650;105680;114570;114600;114560;114590;112010;112030;111990;112000;112640;112680;112640;112660
105680;105690;105680;105690;114590;114670;114590;114670;112010;112100;112000;112070;112670;112690;112660;112690
105710;105710;105710;105710;114670;114680;114610;114680;112060;112100;112050;112060;112690;112690;112610;112630
105720;105720;105720;105720;114680;114720;114620;114710;112060;112070;111870;111890;112630;112660;112610;112640
105730;105730;105730;105730;114710;114720;114650;114670;111900;111970;111880;111940;112640;112660;112620;112640
105800;105800;105800;105800;114650;114670;114630;114640;111950;111970;111930;111940;112640;112670;112580;112580
105850;105880;105780;105810;114650;114660;114570;114580;111940;112000;111940;111980;112580;112610;112550;112610
105840;105840;105840;105840;114570;114620;114560;114570;111980;112020;111950;111990;112610;112650;112570;112630
105770;105770;105770;105770;114570;114610;114550;114550;111980;111990;111910;111910;112640;112670;112630;112660
105760;105760;105760;105760;114550;114640;114550;114640;111910;111950;111880;111900;112660;112660;112620;112640
105770;105790;105770;105770;114640;114690;114630;114660;111900;111960;111870;111960;112630;112630;112560;112590
105830;105830;105790;105800;114650;114780;114650;114750;111950;111960;111900;111950;112600;112610;112550;112590
105800;105800;105790;105790;114740;114750;114680;114680;111950;111970;111890;111960;112580;112650;112570;112640
105760;105760;105730;105730;114680;114730;114660;114700;111960;111980;111960;111970;112640;112640;112550;112610
105760;105770;105760;105770;114690;114690;114660;114670;111970;111980;111960;111970;112600;112610;112560;112580
105770;105800;105730;105730;114660;114710;114660;114690;111980;112010;111950;111950;112580;112580;112530;112530
105750;105750;105740;105740;114690;114770;114690;114700;111940;111970;111890;111890;112530;112600;112530;112580
105770;105770;105770;105770;114700;114740;114660;114740;111890;111910;111860;111880;112580;112610;112570;112570
105760;105760;105730;105730;114740;114760;114700;114740;111880;111960;111860;111930;112570;112630;112570;112630
105770;105770;105770;105770;114730;114740;114670;114700;111910;111940;111910;111920;112610;112610;112570;112590
105850;105850;105850;105850;114690;114700;114650;114680;111930;111930;111880;111920;112580;112680;112580;112680
105820;105820;105820;105820;114680;114740;114670;114680;111910;111930;111900;111910;112670;112780;112660;112740
105740;105740;105730;105730;114670;114760;114650;114730;111910;111930;111890;111900;112740;112780;112730;112730
105720;105760;105720;105760;114740;114760;114730;114730;111900;111940;111890;111930;112720;112720;112660;112700
105740;105740;105740;105740;114730;114820;114710;114740;111920;111930;111890;111890;112690;112720;112690;112690
105810;105820;105780;105780;114740;114790;114730;114780;111890;111930;111870;111910;112680;112740;112670;112740
105880;105920;105880;105900;114790;114820;114780;114780;111910;111950;111890;111900;112730;112760;112710;112720
105900;105900;105900;105900;114790;114790;114730;114740;111900;111990;111890;111970;112720;112750;112710;112710
105900;105910;105900;105910;114750;114930;114740;114910;111970;111970;111920;111950;112710;112730;112680;112690
105870;105870;105810;105840;114910;114930;114830;114840;111940;111940;111820;111850;112700;112720;112680;112680
105830;105860;105820;105860;114830;114840;114640;114660;111850;111880;111820;111840;112680;112740;112680;112740
105840;105840;105830;105830;114660;114660;114520;114560;111850;111850;111810;111830;112750;112790;112730;112750
105830;105830;105800;105800;114560;114610;114500;114550;111820;111870;111810;111850;112760;112870;112760;112860
105850;105850;105850;105850;114560;114620;114550;114610;111850;111930;111840;111900;112870;112900;112820;112900
105860;105900;105860;105860;114600;114610;114530;114580;111890;111960;111890;111940;112900;112940;112890;112910
105840;105840;105840;105840;114590;114650;114590;114650;111950;111970;111930;111940;112910;112920;112850;112900
105850;105850;105800;105800;114650;114700;114620;114650;111930;111990;111920;111960;112880;112910;112830;112860
105800;105800;105790;105790;114640;114680;114610;114650;111970;112080;111960;112040;112850;112920;112850;112920
105800;105800;105760;105760;114650;114720;114640;114650;112030;112050;112010;112030;112910;112950;112900;112910
105720;105720;105710;105710;114650;114650;114520;114560;112040;112060;112030;112050;112910;112910;112850;112880
105740;105760;105740;105760;114570;114580;114460;114490;112060;112060;112010;112010;112880;112910;112840;112880
105790;105810;105790;105810;114470;114530;114410;114410;112020;112080;112010;112020;112870;112900;112860;112880
105800;105820;105760;105760;114410;114530;114400;114500;112020;112090;112010;112030;112860;112910;112850;112890
105740;105740;105740;105740;114490;114510;114450;114500;112030;112060;112030;112050;112890;112920;112880;112890
105730;105730;105700;105700;114500;114500;114420;114430;112040;112050;112010;112020;112900;112940;112890;112890
105710;105720;105710;105720;114420;114430;114360;114410;112030;112060;112020;112060;112890;112900;112780;112790
105690;105690;105690;105690;114420;114420;114320;114370;112070;112140;112070;112090;112790;112790;112730;112730
105740;105800;105740;105760;114390;114420;114360;114400;112090;112120;112080;112110;112730;112750;112680;112700
105830;105830;105820;105820;114390;114450;114320;114340;112110;112120;112080;112080;112680;112710;112680;112680
105770;105770;105770;105770;114330;114360;114180;114190;112080;112090;112020;112030;112680;112740;112670;112730
105750;105750;105750;105750;114200;114270;114190;114270;112040;112040;111970;111990;112740;112750;112620;112650
105750;105750;105740;105740;114270;114280;114150;114160;111990;112010;111940;111940;112660;112670;112610;112660
105760;105760;105760;105760;114180;114220;114160;114220;111950;111990;111870;111880;112660;112690;112640;112670
105770;105770;105770;105770;114210;114300;114210;114290;111880;111930;111870;111910;112660;112690;112650;112680
105820;105830;105820;105830;114290;114300;114210;114230;111900;111910;111760;111800;112670;112700;112660;112670
105900;105900;105900;105900;114240;114240;114170;114200;111800;111830;111730;111810;112680;112750;112680;112730
105920;105970;105920;105970;114200;114220;114130;114170;111800;111870;111800;111840;112750;112770;112670;112680
105940;105940;105940;105940;114160;114240;114120;114240;111850;111880;111790;111800;112690;112730;112670;112730
105900;105900;105900;105900;114240;114360;114240;114340;111810;111840;111800;111830;112740;112790;112720;112780
105860;105860;105800;105800;114340;114390;114260;114310;111820;111870;111800;111870;112780;112820;112760;112820
105850;105850;105850;105850;114310;114490;114310;114470;111860;111870;111850;111850;112810;112870;112810;112820
105880;105880;105880;105880;114460;114470;114400;114420;111850;111850;111770;111810;112820;112820;112730;112740
105810;105810;105810;105810;114430;114440;114340;114370;111830;111830;111750;111790;112730;112800;112720;112800
105900;105900;105900;105900;114380;114400;114350;114380;111800;111860;111780;111820;112800;112810;112730;112730
105930;106050;105930;105930;114380;114390;114320;114350;111830;111900;111830;111870;112720;112770;112710;112730
106030;106060;106010;106030;114340;114450;114330;114420;111880;111890;111850;111870;112750;112780;112730;112730
106040;106050;105940;105940;114400;114540;114380;114530;111880;111880;111820;111830;112740;112740;112660;112740
105910;105910;105910;105910;114520;114550;114470;114470;111830;111870;111820;111850;112720;112750;112710;112710
105930;105950;105930;105940;114480;114500;114430;114430;111860;111880;111790;111810;112720;112720;112680;112700
105920;105920;105900;105900;114430;114470;114410;114410;111810;111850;111790;111810;112700;112700;112640;112660
105870;105870;105840;105850;114430;114470;114420;114460;111800;111800;111730;111740;112660;112680;112650;112680
105850;105850;105850;105850;114440;114490;114420;114460;111730;111800;111720;111770;112680;112680;112640;112660
105840;105840;105840;105840;114460;114460;114360;114370;111770;111840;111760;111830;112660;112680;112640;112650
105840;105840;105820;105820;114360;114380;114320;114340;111840;111860;111820;111850;112650;112660;112610;112660
105800;105800;105770;105770;114350;114380;114330;114370;111840;111840;111790;111820;112650;112690;112640;112690
105770;105770;105720;105750;114360;114370;114340;114340;111820;111820;111750;111760;112690;112690;112660;112670
105760;105760;105660;105660;114340;114380;114340;114370;111760;111810;111750;111810;112660;112660;112460;112500
105690;105720;105690;105720;114370;114480;114360;114410;111800;111850;111790;111840;112510;112560;112460;112520
105740;105740;105690;105690;114410;114450;114390;114450;111850;111870;111810;111810;112510;112530;112470;112530
105680;105680;105630;105630;114450;114450;114400;114400;111810;111830;111790;111830;112530;112580;112510;112580
105630;105640;105580;105610;114400;114420;114380;114400;111830;111860;111790;111860;112580;112580;112530;112530
105580;105580;105560;105560;114410;114410;114270;114300;111870;111880;111830;111850;112540;112550;112510;112520
105550;105550;105500;105500;114300;114350;114260;114290;111840;111850;111800;111820;112520;112570;112520;112560
105500;105520;105450;105450;114310;114390;114300;114390;111820;111850;111790;111850;112560;112590;112550;112590
105500;105500;105500;105500;114390;114480;114380;114480;111850;111860;111800;111820;112590;112610;112570;112570
105510;105530;105480;105480;114480;114550;114440;114490;111820;111860;111810;111850;112570;112580;112530;112570
105490;105520;105490;105520;114490;114510;114390;114450;111850;111880;111810;111810;112570;112570;112550;112560
105510;105520;105490;105520;114440;114530;114350;114420;111810;111860;111810;111850;112560;112570;112470;112480
105510;105640;105400;105640;114410;114500;114400;114470;111860;111940;111850;111930;112490;112540;112470;112520
105630;105690;105620;105690;114480;114570;114430;114460;111930;111990;111930;111950;112520;112520;112410;112420
105720;105720;105610;105610;114450;114580;114450;114530;111940;111950;111870;111870;112420;112430;112330;112390
105640;105750;105640;105730;114520;114520;114290;114290;111870;111900;111850;111900;112380;112400;112280;112290
105710;105710;105710;105710;114300;114330;114240;114280;111900;111940;111890;111900;112290;112380;112290;112370
105670;105800;105670;105800;114260;114370;114180;114330;111920;111920;111850;111870;112370;112400;112340;112390
105830;105830;105780;105780;114320;114400;114290;114390;111870;111890;111810;111840;112380;112460;112380;112460
105730;105770;105730;105740;114360;114410;114320;114360;111840;111860;111810;111830;112450;112490;112430;112480
105760;105780;105740;105740;114350;114380;114210;114210;111830;111860;111810;111860;112470;112480;112400;112430
105720;105820;105720;105820;114230;114320;114220;114270;111870;111870;111800;111830;112440;112490;112430;112490
105840;105840;105800;105820;114280;114300;114140;114140;111830;111870;111830;111850;112470;112480;112420;112470
105790;105790;105790;105790;114140;114240;113960;113980;111840;111840;111780;111790;112480;112590;112450;112580
105770;105790;105700;105700;113960;114030;113940;113960;111790;111810;111770;111770;112580;112600;112520;112540
105650;105670;105630;105670;113960;114010;113810;113890;111770;111780;111760;111780;112550;112570;112450;112480
105600;105610;105560;105560;113890;114050;113870;114010;111770;111800;111760;111790;112490;112540;112470;112480
105570;105600;105570;105600;114000;114020;113920;113930;111790;111810;111780;111800;112480;112490;112400;112410
105540;105540;105540;105540;113930;114000;113910;113970;111800;111830;111750;111750;112410;112410;112330;112350
105530;105540;105470;105480;113960;114040;113930;114010;111750;111800;111750;111800;112350;112460;112330;112460
105530;105540;105510;105540;114020;114120;113980;114120;111800;111810;111750;111790;112450;112530;112440;112510
105490;105540;105450;105540;114110;114130;114020;114030;111780;111780;111740;111760;112500;112740;112500;112690
105550;105550;105490;105490;114030;114050;113930;113950;111770;111800;111740;111790;112680;112790;112670;112740
105500;105530;105500;105530;113970;114080;113940;114080;111790;111850;111780;111840;112740;112850;112740;112780
105530;105620;105530;105620;114070;114110;113940;114110;111840;111870;111820;111820;112780;112840;112770;112810
105570;105570;105560;105560;114100;114240;114060;114220;111810;111830;111790;111830;112810;112810;112660;112700
105650;105680;105650;105680;114220;114310;114200;114220;111810;111850;111800;111820;112700;112780;112700;112760
105670;105670;105540;105540;114240;114240;114150;114180;111810;111830;111750;111780;112750;112790;112740;112750
105500;105520;105410;105410;114180;114220;114120;114140;111790;111820;111720;111720;112760;112780;112690;112700
105480;105490;105480;105480;114140;114180;114090;114110;111730;111740;111670;111730;112710;112770;112700;112720
105530;105530;105500;105520;114110;114180;114100;114170;111730;111780;111720;111750;112730;112740;112690;112730
105510;105520;105490;105490;114170;114170;113970;113990;111750;111830;111740;111830;112740;112800;112730;112740
105540;105540;105520;105520;113980;114170;113970;114130;111810;111830;111750;111750;112750;112810;112750;112790
105490;105490;105320;105320;114120;114150;114050;114140;111740;111750;111610;111630;112790;112840;112790;112790
105350;105450;105350;105440;114140;114280;114120;114190;111640;111650;111600;111620;112800;112930;112760;112930
105410;105410;105410;105410;114190;114260;114140;114230;111610;111640;111560;111640;112920;112990;112890;112900
105340;105350;105280;105280;114240;114240;114070;114110;111630;111660;111590;111630;112900;112950;112860;112870
105280;105350;105280;105350;114100;114130;114040;114080;111640;111660;111630;111650;112870;112900;112830;112840
105500;105680;105500;105670;114080;114130;114030;114030;111660;111660;111610;111650;112840;112850;112790;112790
105700;105720;105700;105710;114040;114110;114030;114080;111650;111690;111640;111650;112800;112800;112750;112760
105800;105920;105800;105870;114080;114130;114020;114100;111650;111670;111640;111670;112750;112790;112730;112750
105900;106180;105900;106180;114090;114090;113990;114000;111660;111660;111610;111630;112750;112780;112710;112770
106140;106250;106140;106170;114010;114070;113930;114060;111640;111660;111630;111630;112780;112790;112740;112780
106140;106190;106110;106180;114050;114130;114020;114100;111630;111640;111600;111630;112780;112790;112730;112740
106250;106340;106220;106250;114110;114150;114070;114100;111630;111650;111620;111650;112740;112790;112740;112770
106260;106280;106250;106250;114110;114120;114010;114020;111640;111650;111600;111620;112780;112800;112760;112770
106280;106280;106280;106280;114010;114050;113910;113910;111620;111640;111580;111610;112780;112810;112640;112660
106280;106360;106280;106340;113920;113950;113760;113770;111620;111650;111620;111640;112650;112650;112500;112520
106250;106260;106250;106260;113770;113840;113750;113810;111630;111640;111570;111610;112520;112570;112490;112570
106380;106400;106380;106400;113820;113830;113760;113790;111610;111670;111610;111670;112570;112590;112550;112590
106420;106450;106400;106400;113780;113790;113740;113760;111670;111690;111650;111650;112570;112570;112460;112460
106370;106400;106370;106370;113770;113800;113710;113800;111660;111670;111630;111650;112460;112460;112380;112410
106370;106520;106370;106480;113790;113790;113690;113750;111640;111640;111580;111600;112410;112450;112390;112390
106420;106440;106390;106420;113750;113880;113750;113840;111620;111650;111600;111630;112400;112450;112390;112430
106400;106400;106380;106400;113850;113880;113780;113820;111630;111630;111580;111590;112430;112460;112400;112410
106430;106490;106400;106400;113820;113850;113660;113690;111580;111590;111550;111560;112410;112410;112330;112330
106410;106550;106390;106480;113680;113690;113590;113590;111560;111630;111520;111620;112330;112370;112300;112320
106500;106510;106450;106450;113590;113630;113550;113590;111620;111620;111590;111600;112320;112340;112220;112260
106400;106400;106320;106400;113600;113690;113570;113680;111600;111650;111590;111640;112260;112330;112210;112310
106430;106480;106380;106380;113680;113750;113670;113710;111650;111670;111630;111650;112300;112300;112240;112290
106380;106380;106340;106350;113690;113780;113660;113660;111660;111660;111590;111600;112290;112340;112260;112340
106320;106330;106270;106310;113660;113750;113600;113720;111600;111630;111530;111610;112330;112490;112280;112460
106310;106310;106300;106300;113720;113730;113560;113560;111610;111650;111560;111580;112450;112470;112330;112390
106330;106370;106330;106370;113560;113660;113540;113650;111560;111560;111470;111520;112390;112440;112330;112410
106370;106370;106340;106340;113650;113650;113580;113610;111520;111550;111470;111500;112410;112490;112370;112430
106370;106370;106310;106310;113610;113740;113610;113680;111500;111550;111490;111520;112420;112460;112320;112320
106290;106290;106230;106250;113680;113810;113680;113800;111520;111590;111510;111530;112330;112400;112250;112280
106310;106310;106310;106310;113800;113860;113760;113850;111520;111550;111470;111550;112270;112280;112190;112240
106310;106330;106280;106280;113860;113870;113800;113840;111550;111560;111430;111480;112250;112340;112250;112280
106310;106320;106280;106280;113840;113900;113790;113810;111470;111500;111390;111440;112270;112370;112270;112340
106280;106280;106230;106230;113810;113840;113750;113800;111450;111480;111400;111460;112340;112390;112320;112360
106090;106280;106090;106180;113810;113850;113760;113810;111450;111500;111430;111480;112370;112390;112340;112390
106130;106130;106130;106130;113790;113860;113770;113810;111480;111500;111460;111480;112390;112430;112330;112350
106100;106100;106060;106070;113790;113840;113720;113780;111490;111510;111470;111480;112340;112430;112330;112420
106110;106110;106110;106110;113790;113940;113790;113910;111460;111490;111450;111470;112410;112450;112390;112390
106180;106190;106180;106190;113900;113970;113890;113960;111470;111480;111450;111450;112390;112460;112390;112450
106250;106250;106220;106230;113970;113970;113860;113910;111450;111470;111430;111470;112460;112470;112390;112430
106220;106220;106170;106210;113900;114070;113880;114050;111460;111500;111450;111460;112430;112440;112360;112390
106130;106130;106120;106120;114040;114070;113970;114000;111470;111490;111450;111490;112380;112390;112290;112290
106120;106120;106120;106120;114000;114030;113910;113920;111480;111490;111430;111470;112300;112350;112280;112330
106210;106210;106210;106210;113910;113940;113850;113890;111460;111480;111430;111470;112350;112470;112340;112440
106200;106200;106140;106140;113890;114140;113890;114100;111450;111460;111400;111410;112450;112570;112430;112520
106150;106150;106150;106150;114110;114120;114010;114070;111410;111420;111290;111320;112530;112530;112450;112460
106100;106100;106090;106090;114070;114140;114000;114010;111330;111370;111310;111310;112450;112540;112380;112520
106120;106150;106120;106140;114000;114090;114000;114090;111320;111340;111300;111330;112510;112530;112410;112460
106160;106300;106160;106300;114090;114160;114040;114140;111330;111350;111320;111330;112460;112470;112390;112440
106300;106300;106300;106300;114130;114150;114080;114110;111340;111370;111320;111320;112440;112490;112410;112480
106310;106310;106310;106310;114140;114190;114100;114160;111310;111390;111310;111390;112500;112580;112470;112580
106310;106310;106310;106310;114180;114220;114160;114160;111390;111400;111320;111330;112580;112660;112570;112610
106280;106280;106260;106260;114150;114190;114140;114170;111330;111350;111290;111310;112610;112650;112570;112600
106300;106320;106300;106300;114170;114250;114170;114210;111290;111320;111280;111280;112590;112640;112560;112620
106280;106320;106280;106320;114220;114260;114190;114230;111280;111290;111170;111210;112630;112660;112570;112570
106320;106320;106270;106270;114240;114350;114240;114280;111230;111230;111110;111150;112560;112580;112520;112560
106290;106350;106290;106350;114280;114320;114240;114300;111150;111160;111070;111150;112550;112580;112520;112550
106300;106300;106300;106300;114310;114340;114250;114250;111140;111180;111120;111130;112550;112590;112520;112560
106250;106250;106250;106250;114250;114260;114120;114160;111130;111150;111080;111080;112540;112570;112530;112530
106210;106210;106210;106210;114150;114180;114080;114150;111110;111180;111040;111170;112530;112540;112420;112420
106300;106400;106300;106400;114130;114180;114120;114170;111170;111230;111160;111200;112430;112430;112320;112350
106400;106400;106380;106380;114160;114170;114100;114140;111200;111310;111200;111290;112370;112390;112340;112390
106350;106380;106350;106380;114150;114160;114090;114150;111290;111300;111240;111270;112380;112410;112310;112310
106410;106410;106410;106410;114150;114190;114130;114130;111270;111270;111210;111260;112310;112400;112290;112390
106430;106440;106420;106440;114140;114220;114130;114160;111250;111280;111200;111280;112400;112400;112300;112340
106430;106430;106430;106430;114150;114230;114140;114230;111270;111330;111260;111310;112320;112450;112320;112430
106390;106390;106390;106390;114230;114250;114180;114180;111320;111320;111220;111270;112430;112460;112420;112460
106250;106250;106250;106250;114190;114260;114170;114250;111270;111310;111250;111300;112460;112510;112450;112510
106260;106260;106220;106220;114240;114280;114230;114270;111300;111320;111280;111300;112500;112590;112480;112590
106200;106200;105980;105980;114280;114290;114220;114250;111290;111350;111290;111300;112590;112610;112540;112560
105960;106020;105950;106020;114230;114300;114210;114240;111300;111310;111260;111280;112550;112590;112540;112580
106010;106010;105710;105710;114250;114250;114200;114210;111290;111300;111240;111240;112590;112620;112500;112500
105660;105660;105530;105650;114200;114240;114140;114150;111240;111250;111160;111210;112500;112550;112480;112480
105600;105860;105600;105860;114150;114160;114100;114100;111210;111250;111180;111210;112470;112550;112470;112540
105920;105950;105840;105840;114110;114170;114100;114120;111200;111240;111160;111240;112550;112590;112530;112550
105880;105920;105880;105920;114130;114170;114120;114120;111220;111280;111220;111250;112540;112620;112490;112550
105860;105870;105860;105870;114120;114130;114090;114100;111250;111320;111240;111300;112580;112580;112510;112510
105930;105970;105930;105960;114100;114120;114060;114120;111300;111300;111260;111260;112500;112570;112480;112490
105870;105960;105860;105960;114110;114160;114090;114150;111280;111300;111250;111250;112490;112510;112450;112500
106000;106100;106000;106100;114160;114250;114130;114210;111250;111280;111230;111260;112500;112540;112460;112480
106100;106190;106100;106190;114200;114210;114130;114140;111270;111320;111260;111290;112490;112490;112420;112460
106060;106060;106060;106060;114120;114160;114120;114140;111280;111310;111280;111280;112460;112490;112450;112490
106040;106040;106040;106040;114140;114150;114120;114140;111290;111340;111260;111280;112480;112570;112480;112530
106010;106010;106010;106010;114140;114230;114090;114180;111290;111300;111270;111280;112520;112530;112400;112400
106080;106080;106080;106080;114180;114180;114080;114130;111280;111280;111190;111200;112400;112420;112270;112380
106100;106100;106100;106100;114130;114250;114130;114240;111200;111220;111180;111210;112380;112530;112380;112520
106100;106120;106100;106120;114240;114250;114200;114230;111210;111270;111190;111210;112510;112510;112400;112460
106100;106120;106100;106120;114220;114390;114170;114390;111200;111240;111160;111180;112460;112500;112430;112500
106150;106150;106150;106150;114380;114570;114350;114550;111170;111230;111170;111220;112490;112540;112460;112500
106090;106090;106090;106090;114550;114580;114420;114430;111220;111310;111180;111300;112490;112510;112390;112450
106060;106060;106060;106060;114440;114490;114380;114400;111290;111310;111240;111250;112450;112460;112390;112400
106020;106020;106000;106000;114400;114450;114270;114280;111250;111290;111230;111230;112400;112420;112340;112340
105960;105960;105950;105950;114280;114310;114210;114260;111250;111260;111230;111250;112330;112430;112310;112410
106060;106060;106060;106060;114260;114290;114190;114200;111250;111290;111220;111220;112420;112550;112390;112440
106090;106100;106090;106100;114190;114300;114190;114230;111220;111260;111200;111200;112440;112440;112350;112380
106000;106000;106000;106000;114210;114250;114090;114130;111200;111240;111190;111230;112390;112450;112330;112340
106030;106030;106030;106030;114130;114150;114010;114060;111240;111280;111220;111240;112330;112450;112330;112440
106120;106120;106120;106120;114050;114100;114040;114070;111240;111280;111230;111260;112450;112480;112410;112460
106100;106100;106100;106100;114060;114130;114020;114130;111250;111280;111170;111190;112450;112500;112420;112450
106050;106060;106050;106060;114050;114180;113870;113930;111170;111250;110790;110930;112500;112830;112500;112710
106120;106120;106120;106120;113930;113930;113820;113820;110930;110960;110900;110960;112700;112740;112660;112660
106170;106170;106150;106150;113820;113870;113810;113850;110960;110970;110910;110910;112670;112730;112650;112680
106190;106300;106190;106300;113860;113880;113760;113760;110920;111020;110900;111000;112670;112700;112650;112690
106230;106230;106230;106230;113760;113830;113740;113810;110990;111030;110910;110920;112690;112770;112690;112700
106100;106100;106100;106100;113800;113820;113750;113780;110920;110970;110870;110960;112700;112750;112680;112680
106100;106100;106100;106100;113780;113810;113680;113680;110950;110980;110920;110970;112680;112710;112670;112670
106120;106120;106120;106120;113680;113860;113680;113860;110950;110970;110930;110960;112670;112680;112570;112590
106090;106090;106090;106090;113850;113920;113790;113820;110960;111020;110960;110990;112580;112680;112570;112670
106150;106160;106140;106140;113820;113820;113690;113780;111000;111000;110950;110990;112680;112730;112660;112680
106140;106160;106140;106160;113770;113880;113740;113830;110980;110990;110950;110950;112670;112700;112580;112610
106200;106300;106200;106300;113840;113860;113760;113790;110960;110960;110930;110940;112620;112640;112550;112560
106290;106290;106290;106290;113790;113940;113790;113940;110930;110930;110850;110870;112560;112560;112480;112520
106290;106290;106290;106290;113940;114080;113940;113980;110880;110900;110830;110850;112520;112530;112360;112410
106210;106210;106210;106210;113980;114030;113970;114000;110830;110840;110760;110780;112400;112480;112390;112480
106200;106200;106200;106200;113990;113990;113920;113970;110770;110770;110630;110680;112480;112560;112460;112510
106200;106200;106180;106180;113960;114000;113900;113910;110660;110700;110570;110590;112500;112540;112470;112520
106200;106200;106150;106150;113900;113930;113850;113920;110590;110610;110530;110560;112520;112550;112510;112540
106140;106140;106140;106140;113920;113930;113830;113840;110550;110570;110500;110510;112540;112550;112470;112480
106100;106100;106100;106100;113870;113880;113780;113860;110510;110550;110470;110540;112500;112500;112450;112470
106110;106120;106110;106120;113850;113870;113790;113810;110550;110590;110500;110570;112480;112480;112400;112420
106200;106200;106200;106200;113810;113850;113750;113790;110570;110630;110570;110600;112400;112410;112370;112380
106150;106150;106150;106150;113780;113780;113720;113750;110590;110660;110580;110620;112380;112390;112330;112340
106150;106150;106150;106150;113750;113870;113740;113870;110640;110660;110590;110640;112350;112360;112230;112320
106240;106270;106240;106270;113870;113870;113800;113810;110630;110660;110590;110590;112330;112380;112310;112370
106260;106260;106260;106260;113840;113840;113750;113770;110600;110660;110590;110650;112380;112460;112380;112420
106200;106220;106200;106220;113770;113790;113660;113680;110650;110710;110610;110640;112420;112460;112420;112430
106130;106130;106130;106130;113690;113690;113620;113640;110640;110640;110600;110610;112430;112450;112250;112260
106170;106170;106170;106170;113630;113690;113600;113620;110620;110670;110610;110650;112250;112330;112250;112280
106130;106130;106130;106130;113630;113660;113590;113640;110640;110640;110580;110600;112280;112330;112210;112220
106150;106150;106150;106150;113640;113650;113580;113580;110610;110650;110590;110640;112220;112220;111890;112030
106170;106170;106170;106170;113600;113650;113580;113650;110650;110650;110570;110590;112030;112050;111980;112030
106170;106170;106160;106160;113650;113720;113640;113680;110590;110620;110570;110600;112030;112050;111960;111990
106130;106130;106130;106130;113690;113750;113670;113750;110580;110590;110540;110570;112010;112010;111840;111940
106140;106140;106080;106080;113740;113750;113690;113720;110570;110630;110570;110630;111940;111970;111900;111970
106120;106120;106120;106120;113710;113720;113630;113660;110640;110680;110620;110670;111950;112050;111890;112010
106200;106200;106200;106200;113650;113670;113620;113650;110670;110780;110660;110740;112010;112070;112000;112060
106220;106240;106220;106240;113640;113680;113600;113600;110750;110810;110750;110760;112060;112070;112000;112010
106220;106220;106220;106220;113600;113670;113600;113640;110760;110760;110710;110720;112030;112070;111980;112040
106160;106160;106160;106160;113620;113690;113620;113660;110710;110730;110680;110730;112040;112140;112020;112090
106160;106160;106160;106160;113670;113740;113660;113710;110740;110750;110720;110740;112080;112100;112020;112090
106200;106200;106200;106200;113710;113710;113590;113590;110740;110840;110730;110830;112090;112140;112040;112060
106180;106200;106180;106200;113590;113650;113570;113610;110830;110850;110770;110790;112060;112110;112010;112080
106190;106190;106190;106190;113610;113620;113500;113520;110780;110790;110760;110770;112080;112100;112060;112060
106200;106200;106200;106200;113500;113550;113460;113460;110770;110860;110760;110770;112060;112140;112030;112130
106180;106180;106180;106180;113460;113530;113430;113500;110760;110820;110760;110800;112150;112270;112140;112240
106200;106200;106200;106200;113520;113640;113510;113610;110800;110850;110790;110820;112240;112270;112180;112210
106200;106200;106200;106200;113620;113630;113490;113540;110820;110940;110800;110920;112200;112240;112170;112220
106140;106140;106140;106140;113520;113610;113520;113590;110920;110950;110880;110880;112240;112270;112210;112230
106170;106180;106160;106160;113590;113620;113470;113470;110890;110910;110870;110870;112240;112270;112210;112260
106150;106150;106040;106040;113470;113500;113430;113470;110880;110890;110840;110850;112250;112270;112190;112240
106000;106020;105990;106020;113470;113490;113440;113480;110840;110850;110820;110840;112250;112310;112200;112300
106000;106000;106000;106000;113490;113590;113480;113500;110830;110830;110800;110820;112300;112300;112210;112290
106010;106010;106010;106010;113500;113590;113460;113580;110820;110860;110800;110860;112280;112290;112240;112240
105990;105990;105990;105990;113570;113720;113570;113690;110850;110960;110840;110930;112250;112290;112240;112270
105960;105970;105950;105970;113680;113750;113680;113720;110930;110950;110910;110940;112260;112260;112120;112120
105960;105960;105960;105960;113710;113770;113650;113750;110950;110990;110940;110960;112130;112200;112060;112200
106000;106020;106000;106020;113750;113890;113740;113890;110970;110990;110910;110980;112180;112250;112160;112220
106040;106070;106040;106070;113890;113900;113790;113830;110970;111060;110970;110980;112210;112230;112140;112170
106020;106020;106020;106020;113820;113870;113790;113860;110980;110990;110950;110960;112190;112270;112180;112270
106000;106000;105980;105980;113850;113880;113800;113830;110950;111000;110950;110970;112270;112420;112250;112260
105900;105980;105900;105980;113820;113840;113810;113810;110960;111030;110960;111000;112260;112310;112250;112290
105950;105950;105950;105950;113820;113830;113790;113810;110980;111060;110980;111030;112290;112370;112270;112300
105950;105950;105950;105950;113820;114070;113820;114060;111040;111070;111000;111000;112320;112360;112290;112310
105970;105970;105970;105970;114070;114150;114050;114110;111010;111020;110980;111010;112310;112340;112290;112310
105930;105930;105800;105800;114130;114160;114070;114090;111010;111150;111000;111090;112300;112330;112200;112210
105950;106000;105950;106000;114080;114100;114040;114080;111100;111110;111070;111080;112230;112340;112230;112290
105850;105850;105850;105850;114070;114190;114050;114170;111090;111230;111090;111190;112290;112340;112270;112300
105920;105920;105920;105920;114180;114200;114100;114120;111200;111230;111170;111180;112270;112320;112260;112320
105950;105950;105950;105950;114130;114260;114030;114180;111180;111210;111170;111180;112320;112350;112300;112320
105980;105980;105980;105980;114180;114250;114150;114170;111190;111220;111160;111180;112320;112360;112270;112340
106010;106020;106010;106020;114170;114200;114100;114110;111180;111200;111150;111190;112330;112360;112320;112340
106040;106040;106040;106040;114110;114120;114060;114100;111180;111190;111150;111190;112340;112350;112270;112270
106030;106030;106030;106030;114100;114160;114070;114090;111190;111200;111140;111160;112270;112360;112250;112320
106080;106080;106080;106080;114090;114130;114060;114070;111160;111190;111150;111150;112330;112360;112290;112320
106050;106050;106050;106050;114070;114110;114050;114100;111160;111170;111120;111130;112310;112390;112310;112370
106010;106040;106010;106040;114090;114100;114020;114040;111140;111210;111130;111210;112370;112390;112360;112370
106010;106020;106000;106020;114050;114050;114000;114010;111190;111230;111190;111220;112360;112390;112340;112340
106000;106000;106000;106000;114000;114010;113920;113940;111220;111220;111150;111170;112330;112350;112280;112300
105920;105940;105920;105940;113960;113960;113920;113960;111170;111180;111150;111170;112310;112360;112310;112350
105970;105970;105970;105970;113950;114050;113950;114030;111180;111180;111130;111150;112340;112350;112310;112310
;;;;114040;114100;113970;114060;111150;111190;111140;111180;112320;112340;112300;112330
;;;;114060;114100;114010;114010;111180;111240;111150;111220;112350;112380;112350;112360
;;;;114020;114090;114000;114050;111220;111240;111180;111180;112370;112370;112310;112310
;;;;114030;114160;114030;114140;111170;111290;111170;111240;112330;112360;112320;112350
;;;;114150;114200;114100;114190;111240;111280;111240;111260;112350;112390;112330;112370
;;;;114200;114210;114120;114150;111260;111280;111240;111240;112370;112410;112350;112370
;;;;114140;114150;114070;114070;111250;111250;111210;111220;112370;112370;112320;112360
;;;;114080;114080;113980;113990;111220;111220;111180;111190;112360;112370;112330;112340
;;;;113990;114050;113980;113980;111180;111210;111180;111180;112340;112410;112340;112400
;;;;114000;114000;113920;113920;111180;111210;111160;111190;112400;112450;112360;112400
;;;;113910;113970;113910;113970;111200;111200;111190;111190;112400;112430;112340;112380
;;;;113970;113990;113930;113970;111200;111200;111160;111170;112370;112410;112360;112410
;;;;113970;114000;113950;113970;111170;111170;111120;111120;112410;112430;112390;112390
;;;;113970;113970;113900;113940;111120;111130;111040;111050;112410;112430;112400;112420
;;;;113940;113940;113830;113830;111060;111110;111030;111050;112410;112440;112370;112430
;;;;113840;113850;113780;113790;111060;111110;111040;111090;112420;112490;112380;112490
;;;;113800;113800;113720;113770;111100;111180;111100;111110;112480;112490;112430;112430
;;;;113770;113830;113750;113830;111130;111170;111130;111160;112420;112490;112420;112480
;;;;113820;113850;113800;113840;111150;111210;111150;111170;112480;112500;112430;112440
;;;;113850;114030;113850;114020;111170;111180;111150;111160;112440;112470;112420;112460
;;;;114010;114030;113920;113960;111170;111250;111170;111210;112460;112490;112440;112470
;;;;113950;113960;113880;113880;111200;111270;111200;111250;112450;112490;112450;112480
;;;;113880;113910;113790;113870;111230;111330;111230;111300;112470;112560;112470;112540
;;;;113870;114000;113860;114000;111310;111320;111280;111310;112550;112590;112540;112540
;;;;114000;114020;113960;113990;111310;111310;111250;111270;112540;112580;112540;112560
;;;;114000;114090;113950;114090;111260;111270;111220;111240;112570;112570;112550;112560
;;;;114100;114120;114050;114100;111230;111260;111210;111210;112560;112570;112510;112510
;;;;114090;114180;114090;114120;111220;111230;111190;111210;112520;112520;112480;112510
;;;;114130;114170;114120;114130;111210;111210;111170;111200;112510;112560;112500;112510
;;;;114140;114150;114080;114080;111200;111230;111190;111220;112510;112580;112500;112540
;;;;114080;114180;114080;114180;111210;111210;111170;111190;112560;112590;112530;112580
;;;;114180;114210;114110;114110;111190;111190;111150;111170;112570;112590;112550;112580
;;;;114110;114160;114090;114130;111170;111180;111160;111170;112580;112580;112540;112550
;;;;114130;114220;114110;114190;111160;111190;111160;111170;112540;112570;112540;112560
;;;;114190;114210;114110;114140;111170;111200;111150;111190;112560;112590;112540;112560
;;;;114150;114220;114120;114220;111190;111240;111190;111210;112550;112590;112520;112570
;;;;114220;114320;114200;114230;111200;111220;111180;111190;112580;112590;112520;112560
;;;;114230;114290;114200;114210;111200;111210;111180;111180;112550;112560;112510;112560
;;;;114210;114260;114200;114200;111180;111180;111130;111160;112570;112590;112550;112560
;;;;114210;114310;114160;114160;111160;111180;111150;111150;112570;112620;112570;112590
;;;;114160;114200;114150;114180;111160;111160;111130;111150;112590;112610;112540;112590
;;;;114180;114180;114090;114140;111150;111160;111110;111110;112600;112670;112590;112640
;;;;114130;114140;114060;114110;111120;111140;111110;111120;112640;112680;112620;112630
;;;;114090;114090;114040;114040;111110;111140;111110;111130;112620;112670;112610;112650
;;;;114040;114120;114000;114090;111130;111130;111080;111080;112650;112660;112620;112650
;;;;114070;114090;114020;114030;111080;111090;111030;111070;112640;112670;112610;112630
;;;;114050;114060;114000;114010;111070;111080;111000;111010;112640;112680;112640;112640
;;;;114010;114060;113960;114030;111000;111000;110970;110980;112630;112660;112620;112640
;;;;114040;114100;113960;114030;110980;111000;110920;110950;112640;112660;112630;112640
;;;;114030;114050;113810;113870;110940;110980;110920;110970;112640;112650;112210;112510
;;;;113860;113940;113830;113930;110980;111030;110980;111010;112510;112520;112400;112510
;;;;113930;113980;113880;113920;111010;111020;110990;110990;112500;112510;112460;112460
;;;;113940;113970;113890;113910;110990;111010;110990;110990;112470;112490;112470;112470
;;;;113910;113910;113840;113850;110990;111000;110980;110990;112470;112500;112470;112500
;;;;113840;113930;113830;113910;110990;111050;110990;111050;112490;112550;112480;112550
;;;;113910;113980;113900;113980;111040;111080;111040;111050;112560;112590;112540;112550
;;;;113980;114070;113920;114020;111060;111070;111020;111050;112540;112540;112480;112490
;;;;114000;114170;113980;114110;111040;111050;110970;110980;112490;112490;112440;112450
;;;;114150;114150;114080;114150;110990;111000;110900;110900;112450;112510;112430;112500
;;;;114140;114220;114130;114200;110910;110960;110900;110910;112490;112530;112480;112520
;;;;114190;114240;114160;114190;110910;110910;110780;110830;112520;112520;112500;112510
;;;;114210;114220;114130;114140;110820;110900;110810;110900;112520;112580;112520;112540
;;;;114150;114220;114120;114200;110890;110890;110830;110860;112530;112530;112480;112520
;;;;114220;114240;114160;114220;110860;110870;110850;110870;112550;112560;112510;112520
;;;;114220;114240;114170;114210;110860;110900;110860;110900;112520;112550;112500;112550
;;;;114200;114220;114190;114200;110900;110920;110890;110920;112550;112560;112510;112510
;;;;114210;114380;114210;114360;110920;110960;110910;110960;112500;112540;112500;112530
;;;;114370;114440;114340;114390;110950;110990;110930;110990;112520;112570;112520;112570
;;;;114400;114500;114400;114450;110980;110980;110910;110920;112570;112580;112530;112550
;;;;114450;114480;114400;114450;110920;110960;110910;110940;112540;112540;112510;112520
;;;;114420;114440;114390;114390;110930;110960;110930;110960;112500;112550;112490;112530
;;;;114390;114440;114350;114400;110960;110960;110900;110900;112540;112560;112530;112550
;;;;114410;114450;114360;114390;110890;110890;110840;110860;112540;112550;112540;112540
;;;;114380;114430;114370;114430;110870;110920;110850;110920;112520;112610;112520;112610
;;;;114420;114470;114410;114450;110920;110930;110860;110910;112600;112610;112570;112570
;;;;114460;114470;114410;114450;110910;111000;110910;110940;112570;112590;112540;112590
;;;;114420;114430;114380;114400;110930;110950;110900;110940;112570;112590;112550;112550
;;;;114390;114460;114370;114460;110910;110940;110880;110890;112560;112570;112540;112570
;;;;114450;114490;114410;114410;110890;110920;110880;110890;112580;112610;112580;112600
;;;;114420;114480;114410;114420;110880;110930;110880;110900;112590;112610;112590;112610
;;;;114410;114450;114380;114420;110910;110920;110890;110910;112590;112600;112550;112560
;;;;114410;114420;114380;114390;110910;110920;110870;110870;112550;112550;112530;112550
;;;;114410;114410;114370;114380;110870;110870;110830;110840;112540;112550;112490;112490
;;;;114380;114410;114360;114400;110850;110860;110830;110840;112490;112490;112460;112480
;;;;114420;114460;114400;114450;110840;110840;110790;110800;112490;112500;112440;112440
;;;;114440;114460;114430;114450;110810;110820;110750;110800;112440;112470;112430;112460
;;;;114460;114470;114440;114450;110790;110860;110780;110860;112460;112480;112450;112480
;;;;114470;114490;114430;114490;110850;110910;110830;110890;112480;112510;112470;112500
;;;;114490;114640;114490;114600;110890;110900;110850;110860;112500;112530;112500;112530
;;;;114590;114860;114580;114830;110860;110920;110860;110900;112530;112540;112520;112520
;;;;114830;114850;114750;114770;110910;110980;110900;110970;112510;112510;112460;112470
;;;;114760;114800;114740;114780;110960;111000;110930;111000;112490;112530;112490;112510
;;;;114780;114810;114750;114800;111000;111120;110980;111100;112510;112510;112480;112490
;;;;114800;114900;114800;114880;111080;111130;111080;111110;112490;112500;112450;112470
;;;;114870;114970;114870;114940;111110;111140;111110;111130;112460;112480;112410;112410
;;;;114940;114970;114900;114910;111120;111120;111090;111100;112400;112440;112400;112430
;;;;114910;114970;114910;114920;111100;111100;111070;111090;112430;112450;112420;112420
;;;;114930;114930;114870;114890;111100;111110;111060;111070;112420;112510;112420;112490
;;;;114900;114920;114850;114920;111060;111070;111020;111040;112510;112520;112490;112490
;;;;114930;114970;114900;114960;111030;111050;111020;111040;112480;112500;112450;112490
;;;;114960;114990;114820;114850;111030;111070;111020;111030;112490;112500;112380;112420
;;;;114850;114860;114640;114690;111030;111080;111020;111080;112400;112420;112380;112380
;;;;114690;114750;114690;114700;111080;111080;111040;111070;112390;112440;112370;112420
;;;;114720;114760;114700;114750;111070;111140;111030;111140;112420;112420;112320;112370
;;;;114760;114820;114740;114790;111140;111150;111070;111090;112360;112380;112320;112370
;;;;114780;114810;114740;114790;111080;111100;111050;111100;112360;112360;112300;112320
;;;;114800;114830;114780;114800;111090;111120;111090;111110;112330;112340;112270;112310
;;;;114810;114910;114810;114910;111100;111110;111070;111090;112300;112300;112250;112290
;;;;114900;114940;114880;114890;111090;111120;111090;111100;112290;112300;112260;112270
;;;;114890;114970;114890;114900;111090;111150;111090;111150;112260;112270;112240;112260
;;;;114900;114930;114880;114890;111150;111240;111150;111220;112250;112250;112190;112210
;;;;114910;114910;114820;114840;111220;111230;111190;111220;112200;112240;112130;112220
;;;;114840;114870;114820;114850;111230;111290;111220;111290;112220;112250;112200;112250
;;;;114860;114950;114860;114880;111290;111290;111220;111230;112260;112260;112200;112250
;;;;114880;114920;114830;114850;111230;111240;111180;111180;112240;112310;112200;112300
;;;;114850;114900;114820;114850;111190;111250;111180;111190;112300;112360;112270;112270
;;;;114850;114870;114820;114830;111200;111200;111170;111190;112270;112370;112270;112320
;;;;114830;114860;114830;114860;111190;111280;111190;111240;112330;112340;112300;112330
;;;;114840;114840;114820;114830;111250;111260;111160;111160;112320;112380;112320;112350
;;;;114840;114930;114830;114910;111180;111180;111080;111110;112350;112400;112340;112370
;;;;114900;114950;114890;114920;111100;111130;111080;111090;112360;112360;112300;112320
;;;;114910;114940;114880;114930;111110;111130;111030;111040;112320;112370;112280;112300
;;;;114920;114970;114910;114960;111050;111080;111020;111030;112300;112340;112270;112340
;;;;114960;115100;114930;115080;111030;111080;111020;111080;112340;112340;112310;112310
;;;;115080;115250;115060;115250;111070;111070;111030;111040;112340;112350;112300;112340
;;;;115240;115260;115170;115170;111050;111100;111030;111060;112340;112370;112340;112350
;;;;115170;115200;115080;115090;111060;111070;111030;111040;112340;112350;112240;112250
;;;;115100;115150;115060;115110;111030;111050;110970;111010;112240;112280;112110;112120
;;;;115110;115210;115110;115150;111000;111020;110960;110980;112130;112200;112110;112140
;;;;115150;115190;115060;115100;110970;111000;110970;110980;112140;112250;112080;112190
;;;;115090;115110;115040;115070;110970;111050;110970;111040;112190;112230;112140;112230
;;;;115080;115140;115080;115140;111040;111050;110980;110980;112230;112230;112140;112180
;;;;115140;115170;115100;115160;111000;111000;110910;110930;112180;112210;112160;112200
;;;;115160;115200;115130;115140;110930;110970;110920;110970;112190;112210;112150;112190
;;;;115140;115170;115080;115090;110970;110990;110870;110890;112190;112200;112130;112130
;;;;115090;115100;115040;115060;110900;110910;110800;110820;112130;112150;112070;112090
;;;;115060;115060;115030;115050;110830;110860;110800;110810;112090;112140;112070;112140
;;;;115050;115050;114990;115020;110810;110880;110810;110860;112140;112170;112130;112160
;;;;115010;115030;114960;115000;110860;110880;110830;110880;112170;112210;112160;112190
;;;;115020;115080;115000;115070;110860;110920;110840;110900;112200;112220;112180;112180
;;;;115060;115130;115050;115130;110900;110920;110870;110900;112170;112180;112130;112160
;;;;115130;115210;115120;115160;110910;111000;110900;111000;112160;112170;112100;112100
;;;;115170;115190;115090;115150;111000;111000;110960;110980;112110;112120;111980;112040
;;;;115150;115230;115110;115190;110980;111020;110940;110950;112040;112120;112030;112120
;;;;115190;115250;115180;115240;110950;111050;110950;111050;112110;112170;112090;112120
;;;;115240;115240;115130;115160;111040;111060;111010;111020;112130;112140;112020;112040
;;;;115150;115170;115110;115140;111030;111080;111010;111070;112030;112100;112030;112080
;;;;115160;115260;115130;115250;111070;111080;111030;111060;112070;112100;112060;112080
;;;;115260;115290;115200;115240;111060;111060;111020;111040;112080;112100;112060;112070
;;;;115250;115320;115250;115250;111030;111050;111010;111020;112070;112100;112040;112090
;;;;115250;115330;115250;115280;111020;111030;110970;110980;112090;112130;112090;112110
;;;;115270;115270;115230;115260;110990;110990;110930;110960;112100;112100;112060;112060
;;;;115260;115290;115220;115230;110970;110970;110890;110910;112060;112100;112040;112080
;;;;115230;115270;115190;115250;110910;110920;110890;110890;112090;112120;112060;112070
;;;;115230;115270;115210;115250;110890;110920;110880;110910;112060;112090;112060;112080
;;;;115250;115250;115190;115210;110890;110900;110870;110900;112080;112130;112080;112110
;;;;115200;115230;115190;115210;110910;110920;110840;110860;112110;112150;112100;112130
;;;;115230;115230;115170;115200;110860;110890;110840;110850;112130;112160;112090;112150
;;;;115190;115210;115100;115150;110840;110860;110820;110850;112150;112200;112140;112190
;;;;115140;115150;115040;115070;110830;110870;110830;110860;112200;112220;112140;112220
;;;;115060;115110;115060;115080;110860;110900;110860;110890;112210;112260;112190;112200
;;;;115080;115100;115070;115100;110900;110910;110820;110820;112200;112210;112160;112160
;;;;115090;115090;115070;115090;110830;110910;110820;110910;112150;112160;112120;112130
;;;;115100;115130;115100;115100;110900;110900;110850;110860;112120;112150;112100;112140
;;;;115090;115100;115080;115080;110860;110860;110810;110840;112130;112210;112120;112210
;;;;115080;115100;115080;115100;110840;110850;110830;110830;112190;112190;112090;112110
;;;;115100;115100;115060;115060;110830;110850;110730;110760;112120;112200;112090;112180
;;;;115060;115120;115060;115120;110760;110780;110730;110760;112180;112190;112160;112180
;;;;115110;115130;115070;115080;110760;110770;110710;110730;112190;112220;112180;112200
;;;;115090;115100;115070;115100;110730;110750;110690;110740;112190;112240;112180;112230
;;;;115090;115110;115090;115100;110740;110780;110710;110720;112240;112250;112220;112230
;;;;115100;115110;115080;115080;110720;110720;110630;110650;112240;112260;112210;112210
;;;;115080;115090;115060;115070;110660;110710;110650;110670;112230;112270;112220;112250
;;;;115070;115070;115010;115030;110670;110720;110670;110670;112230;112230;112190;112200
;;;;115030;115030;114960;115000;110680;110680;110630;110650;112190;112200;112160;112200
;;;;114980;114990;114970;114980;110640;110650;110600;110640;112180;112190;112120;112120
;;;;114980;115050;114980;115020;110650;110720;110620;110700;112130;112140;112120;112140
;;;;115040;115050;115020;115050;110700;110700;110620;110650;112150;112190;112130;112190
;;;;115040;115080;115040;115070;110650;110660;110590;110650;112190;112190;112100;112140
;;;;115060;115070;115040;115050;110650;110660;110590;110650;112140;112160;112130;112150
;;;;115040;115080;115040;115060;110650;110660;110640;110660;112150;112170;112140;112160
;;;;115050;115100;115050;115080;110670;110750;110670;110750;112170;112200;112150;112200
;;;;115070;115100;115070;115080;110750;110760;110690;110710;112190;112220;112160;112210
;;;;115090;115130;115090;115110;110710;110710;110670;110670;112200;112220;112170;112190
;;;;115100;115130;115100;115110;110680;110680;110640;110640;112180;112230;112180;112200
;;;;115110;115130;115100;115130;110650;110710;110650;110710;112210;112260;112200;112240
;;;;115110;115150;115100;115120;110700;110710;110610;110630;112260;112260;112180;112180
;;;;115130;115160;115130;115150;110620;110630;110580;110610;112180;112190;112150;112150
;;;;115160;115160;115130;115130;110620;110650;110610;110620;112150;112160;112090;112140
;;;;115140;115160;115080;115110;110610;110610;110560;110560;112150;112220;112120;112190
;;;;115110;115120;115090;115110;110560;110580;110540;110560;112190;112250;112180;112210
;;;;115120;115120;115100;115110;110570;110600;110540;110550;112210;112280;112190;112250
;;;;115100;115110;115090;115100;110550;110570;110470;110510;112230;112250;112200;112200
;;;;115100;115120;115090;115100;110500;110560;110490;110540;112200;112200;112170;112170
;;;;115110;115120;115100;115110;110540;110560;110500;110560;112180;112220;112150;112220
;;;;115110;115130;115100;115130;110560;110580;110530;110550;112200;112240;112200;112220
;;;;115130;115150;115120;115140;110550;110600;110540;110590;112200;112260;112200;112240
;;;;115140;115170;115120;115150;110590;110590;110540;110550;112240;112300;112240;112300
;;;;115160;115180;115130;115130;110540;110570;110520;110550;112280;112310;112270;112280
;;;;115140;115160;115110;115140;110540;110560;110520;110550;112300;112340;112270;112330
;;;;115150;115190;115140;115170;110540;110600;110540;110590;112330;112350;112280;112290
;;;;115170;115180;115150;115170;110580;110610;110580;110600;112290;112290;112270;112280
;;;;115170;115170;115140;115140;110590;110640;110560;110580;112280;112320;112280;112290
;;;;115140;115160;115140;115160;110570;110590;110450;110510;112310;112310;112240;112240
;;;;115150;115220;115140;115220;110510;110580;110490;110560;112230;112230;112150;112160
;;;;115220;115220;115190;115190;110560;110640;110550;110620;112170;112200;112160;112190
;;;;115200;115210;115170;115180;110630;110660;110560;110560;112190;112210;112180;112190
;;;;115170;115170;115120;115120;110580;110580;110510;110510;112200;112200;112180;112180
;;;;115120;115160;115080;115160;110520;110520;110310;110340;112190;112210;112150;112190
